"type","term","estimate","std.error","statistic","p.value"
"credit_card","(Intercept)",-15991.6666666696,15458.5703900562,-1.0344854836613,0.489210029421422
"credit_card","birthdate",8.07692307692453,7.7720228544765,1.03923048454141,0.487754291644574
"loan","(Intercept)",6551.21621621606,26204.0007764623,0.250008243859491,0.82591677771379
"loan","birthdate",-3.1756756756756,13.2009459673878,-0.240564250737859,0.832304272155192
"savings","(Intercept)",1761.81640625122,18434.6972156056,0.0955706722842065,0.928458063152703
"savings","birthdate",-0.800781250000616,9.29317625182156,-0.0861687358876525,0.935473223506876
"term_deposit","(Intercept)",200,NA,NA,NA
